Cliff_5x14_V02_LOD1,122,74,1,255
Cliff_5x14_V02_LOD0,98,190,70,255
FillerBuilding03_windows_geo,180,10,249,255
FillerBuilding03_frames_geo,13,191,6,255
Cliff_5x14_V04_LOD1,69,100,42,255
Cliff_5x14_V04_LOD0,194,31,225,255
road_curb,170,135,127,255
FillerBuilding02_LOD2,51,60,235,255
FillerBuilding02_LOD1,14,170,18,255
FillerBuilding02_LOD0,71,113,25,255
Crate_Barrel_LOD2,225,66,155,255
Crate_Barrel_LOD1,109,118,202,255
Crate_Barrel_LOD0,16,116,235,255
RSS,149,116,7,255
BridgePartWindows_geo,156,61,61,255
BridgePartConcrete_geo1,105,185,251,255
BridgePartMetal_geo,184,102,102,255
Crossing_Merged_Alpha_Cut,20,170,200,255
Cine_Mark2_Brick_geo,49,145,180,255
Cine_Mark2_Concrete_geo,61,94,157,255
Cine_Mark2_Windows_geo,34,167,216,255
Cine_Mark2_Metal_geo,99,135,233,255
Cliff_5x14_V01_LOD1,9,95,77,255
Cliff_5x14_V01_LOD0,167,113,149,255
Cliff_5x14_V03_LOD1,141,132,128,255
Cliff_5x14_V03_LOD0,183,232,67,255
prefab_statue,195,243,191,255
prefab_building-3-A,184,113,128,255
prefab_bench_1,133,81,192,255
prefab_metallicSup,34,34,239,255
building-3-B,83,107,87,255
building-3-A,62,251,82,255
model,194,253,94,255
prefab_parkingAdd,48,23,26,255
M_Background_Mountains,160,119,219,255
prefab_sign_1,105,49,70,255
fence_stand_small_LOD3,209,46,33,255
fence_stand_small_LOD2,141,65,236,255
fence_stand_small_LOD1,253,84,32,255
fence_stand_small_LOD0,143,53,126,255
Ruths_LOD2,96,138,214,255
Ruths_LOD1,246,220,183,255
Ruths_LOD0,206,206,180,255
prefab_sign-5,134,254,228,255
WorldMarket_railings_geo,15,188,252,255
WorldMarket_glass_geo,222,172,129,255
WorldMarket_columns_geo,177,110,111,255
WorldMarket_building_geo,66,136,65,255
WorldMarket_balcony_geo,92,167,30,255
FillerBuilding01_windows_geo,181,121,243,255
FillerBuilding01_building_geo,133,96,30,255
prefab_sign-10,55,94,219,255
Mettress_Firm_ST_LOD2,224,225,41,255
Mettress_Firm_ST_LOD1,166,239,28,255
Mettress_Firm_ST_LOD0,121,132,167,255
Right_Arrow_02,84,89,214,255
prefab_posts_2,74,32,45,255
Cine_Mark1_Concrete_geo,134,245,18,255
Cine_Mark1_Bricks_geo,105,76,2,255
Cine_Mark1_Details_geo,207,60,115,255
Cine_Mark1_MetalParts_geo,11,161,54,255
Cine_Mark1_Windows_geo,237,221,24,255
bUILDING-2,232,213,77,255
bUILDING-2-op2,50,188,90,255
prefab_building1,226,246,61,255
Bridge1,148,4,194,255
prefab_sign-4,220,246,129,255
TrafficLightMap2_v1_light_2_3,46,100,237,255
TrafficLightMap2_v1_light_1_1,131,153,175,255
TrafficLightMap2_v1_light_3_4,232,251,163,255
TrafficLightMap2_v1_light_1_3,22,145,60,255
TrafficLightMap2_v1_light_4_3,191,152,151,255
TrafficLightMap2_v1_light_2_2,29,67,144,255
TrafficLightMap2_v1_mainBody,91,206,82,255
TrafficLightMap2_v1_light_3_3,146,252,34,255
TrafficLightMap2_v1_light_2_4,9,146,173,255
TrafficLightMap2_v1_light_3_1,101,176,35,255
TrafficLightMap2_v1_light_4_1,220,122,232,255
TrafficLightMap2_v1_signs,174,97,223,255
TrafficLightMap2_v1_light_2_1,7,71,68,255
TrafficLightMap2_v1_light_1_2,115,218,38,255
TrafficLightMap2_v1_light_3_2,31,113,251,255
TrafficLightMap2_v1_light_1_4,57,76,92,255
TrafficLightMap2_v1_light_4_2,50,184,215,255
prefab_sign-12,51,250,77,255
prefab_highway_sign_1,212,170,243,255
SideWalkThing4,62,248,69,255
SideWalkThing2,84,58,199,255
SideWalkThing,40,88,146,255
SideWalkThing6,160,30,168,255
SideWalkThing3,245,175,151,255
SideWalkThing5,179,209,91,255
SideWalkThing1,159,206,156,255
Thirteen_Coins_LOD1,43,70,146,255
Thirteen_Coins_LOD0,52,19,161,255
prefab_building-3-B,216,211,208,255
prefab_highway_sign_2,211,49,228,255
Bellevue_Place_LOD2,251,158,231,255
Bellevue_Place_LOD1,27,57,33,255
Bellevue_Place_LOD0,239,93,167,255
pipe,189,162,9,255
prefab_Sign_No_trafic,51,24,201,255
prefab_sign_2,203,253,189,255
RCCSkidmarks_Sand(Clone)_RCCSandPhysics,132,180,114,255
RCCSkidmarks_Grass(Clone)_RCCGrassPhysics,113,75,100,255
RCCSkidmarks_Asphalt(Clone)_RCCAsphaltPhysics,130,53,33,255
Stones,167,103,237,255
RCCWheelBurnout,79,95,243,255
RCCWheelSlipSand(Clone),54,163,168,255
RCCGrassParticles,92,30,127,255
RCCWheelSlipGrass(Clone),57,95,82,255
RCCWheelSlipAsphalt(Clone),46,237,134,255
RCCSkidmarksManager(Clone),172,96,245,255
Sparks,115,20,217,255
Smoke,199,226,244,255
RCCContactSparkles(Clone),80,179,45,255
Caliper,110,182,89,255
body,222,210,168,255
interior,42,133,63,255
Whl,162,19,5,255
steering,18,191,59,255
guardrail_pole_1,122,4,46,255
billboard,153,134,219,255
guard_rail_start_right,252,185,243,255
Decal_Dirt_Crossroad_Mask_01_ERDecal_Start,66,179,151,255
Path,176,153,154,255
Tree_Batch_Fir_04_Standalone_cheap,78,63,4,255
Tree_Batch_Fir_02_Small,29,125,37,255
road_reflectorMat,81,60,5,255
Decal_Road_Border_left(Clone),22,20,182,255
NM_Cobble_Stone_Advanced,2,83,97,255
Guard,184,249,72,255
Decal_Asphalt_Crossroad_Mask_04_ERDecal_End,123,96,104,255
Decal_Asphalt_Crossroad_Mask_03_ERDecal_Start,98,20,83,255
Decal_Asphalt_Crossroad_Mask_02_ERDecal_End,136,170,146,255
Asphalt_Lines_ER_OX_Sidewalks_v2,13,18,230,255
Tree_Batch_Fir_05_Standalone_cheap,228,153,161,255
sidewalk_crossing_T,24,248,47,255
Parking,208,220,140,255
Polygon,185,184,134,255
Asphalt_Lines_ER_Y_Sidewalks_v2,194,92,95,255
road_reflector,153,94,6,255
Tree_Batch_Fir_07_Forest_cheap,19,253,92,255
guard_rail_end_right,243,235,233,255
Asphalt_Lines_ER_X_Sidewalks_v2,171,153,17,255
Decal_Asphalt_Crossroad_Mask_04_ERDecal_Start,156,50,88,255
NM_Asphalt_No_Lines_Advanced,205,142,47,255
Tree_Batch_Fir_06_Forest_cheap,179,71,208,255
Decal_Asphalt_Crossroad_Mask_01_ERDecal_End,213,182,237,255
Cube,250,19,219,255
Decal_Asphalt_Crossroad_Mask_01_ERDecal_Start,117,78,201,255
sidewalk_crossing_X,70,177,46,255
NM_Asphalt_No_Lines,151,90,180,255
Yield_03_Triangles,120,176,55,255
Decal_Asphalt_Crossroad_Mask_02_ERDecal_Start,240,100,65,255
Lamps,160,7,48,255
Asphalt_NoLines_ER_Y_Sidewalks_v2,167,91,61,255
Dirty_Road_ER_Y,202,46,103,255
Decal_Dirt_Crossroad_Mask_02_ERDecal_End,18,182,179,255
Decal_Asphalt_Crossroad_Mask_03_ERDecal_End,189,21,178,255
Asphalt_Lines_ER_T_Sidewalks,93,214,48,255
NM_Dirty,217,165,217,255
Decal_Dirt_Crossroad_Mask_01_ERDecal_End,163,235,148,255
curb2_v2,119,239,237,255
sidewalk_crossing_Y,99,23,40,255
Asphalt_Lines_ER_OY_Sidewalks_v2,240,134,143,255
sidewalk_roundabout_Y,205,200,66,255
sidewalk_roundabout_X,189,233,83,255
Decal_Cobblestone_Crossroad_Mask_01_ERDecal_End,15,206,48,255
Asphalt_Lines_ER_X,211,123,244,255
Decal_Dirt_Crossroad_Mask_02_ERDecal_Start,241,152,42,255
Decal_Cobblestone_Crossroad_Mask_01_ERDecal_Start,115,5,166,255
Dirty_Road_ER_X,225,58,174,255
Asphalt_Lines_ER_OX,173,235,9,255
Dirty_Ruts_Road_ER_OY,16,206,0,255
prefab_Bridge2,92,85,99,255
Dirty_Ruts_Road_ER_Y,54,171,100,255
Asphalt_Lines_ER_T,248,129,66,255
